capture_label,elapsed_ms,raw_r,raw_g,raw_b,raw_c,balanced_r,balanced_g,balanced_b,normalized_r,normalized_g,normalized_b
Magenta,59,2528,807,739,4022,2528,1135,1842,459,206,335
Magenta,189,2782,921,827,4480,2782,1296,2062,453,211,336
Magenta,306,2903,1018,901,4784,2903,1432,2246,441,218,341
Magenta,425,2888,1034,913,4793,2888,1455,2276,436,220,344
Magenta,543,2590,960,858,4321,2590,1351,2139,426,222,352
Magenta,659,2605,967,863,4349,2605,1361,2151,426,222,352
Magenta,777,2609,968,862,4358,2609,1362,2149,426,223,351
Magenta,894,2473,912,820,4103,2473,1283,2044,426,221,352
Magenta,1012,2548,944,841,4243,2548,1328,2097,427,222,351
Magenta,1129,2876,1043,915,4788,2876,1468,2281,434,222,344
Magenta,1249,2908,1012,896,4773,2908,1424,2234,443,217,340
Magenta,1368,2805,948,850,4555,2805,1334,2119,448,213,339
Magenta,1486,2794,947,850,4546,2794,1332,2119,447,213,339
Magenta,1604,2781,941,845,4520,2781,1324,2107,448,213,339
Magenta,1722,2744,923,831,4449,2744,1299,2072,449,212,339
Magenta,1841,2802,954,856,4566,2802,1342,2134,446,214,340
Magenta,1959,2895,1028,912,4793,2895,1446,2274,438,219,344
Magenta,2079,2592,958,864,4322,2592,1348,2154,425,221,353
Magenta,2196,2700,996,891,4515,2700,1401,2221,427,222,351
Magenta,2314,1773,541,508,2759,1773,761,1266,467,200,333
Magenta,2432,1864,572,535,2908,1864,805,1334,466,201,333
Magenta,2549,2896,992,888,4737,2896,1396,2214,445,215,340
Magenta,2667,2906,1039,924,4824,2906,1462,2304,436,219,345
Magenta,2786,2610,948,859,4322,2610,1334,2141,429,219,352
Magenta,2905,2708,987,887,4503,2708,1389,2211,429,220,351
Magenta,3023,2305,737,676,3669,2305,1037,1685,459,206,335
Magenta,3140,2275,725,665,3613,2275,1020,1658,459,206,335
Magenta,3259,2884,994,888,4730,2884,1399,2214,444,215,341
Magenta,3377,2722,995,892,4533,2722,1400,2224,429,221,350
Magenta,3496,2431,870,798,3971,2431,1224,1989,431,217,352
Magenta,3614,2302,804,749,3701,2302,1131,1867,434,213,352
Magenta,3732,2638,962,867,4377,2638,1354,2161,429,220,351
Magenta,3850,2750,910,822,4441,2750,1280,2049,452,211,337
Magenta,3968,2784,926,834,4497,2784,1303,2079,452,211,337
Magenta,4087,2856,985,882,4651,2856,1386,2199,443,215,341
Magenta,4204,2902,1035,920,4815,2902,1456,2294,436,219,345
Magenta,4324,2652,972,870,4412,2652,1368,2169,429,221,350
Magenta,4442,2710,998,888,4521,2710,1404,2214,428,222,350
Magenta,4561,2479,910,824,4096,2479,1280,2054,426,220,353
Magenta,4678,2528,934,840,4201,2528,1314,2094,426,221,353
Magenta,4797,2894,1044,924,4822,2894,1469,2304,434,220,346
Magenta,4916,2759,920,826,4462,2759,1294,2059,451,212,337
Magenta,5034,2545,822,747,4065,2545,1157,1862,457,208,335
Magenta,5153,2628,857,776,4215,2628,1206,1935,456,209,335
Magenta,5270,2645,866,784,4251,2645,1218,1955,455,209,336
Magenta,5389,2799,939,842,4542,2799,1321,2099,450,212,338
Magenta,5507,2676,879,796,4312,2676,1237,1984,454,210,336
Magenta,5626,2350,751,688,3746,2350,1057,1715,459,206,335
Magenta,5743,2705,899,811,4379,2705,1265,2022,451,211,337
Magenta,5861,2873,990,882,4712,2873,1393,2199,444,215,340
Magenta,5980,2910,1011,898,4786,2910,1422,2239,443,216,341
Magenta,6099,2901,998,885,4745,2901,1404,2206,446,216,339
Magenta,6218,2863,969,863,4656,2863,1363,2151,449,214,337
Magenta,6335,2728,898,809,4392,2728,1263,2017,454,210,336
Magenta,6454,2683,877,794,4317,2683,1234,1979,455,209,336
Magenta,6572,2610,848,770,4192,2610,1193,1920,456,208,335
Magenta,6690,2750,914,821,4443,2750,1286,2047,452,211,337
Magenta,6808,2855,961,859,4636,2855,1352,2141,450,213,337
Magenta,6926,2610,835,758,4157,2610,1175,1890,460,207,333
Magenta,7045,2622,835,758,4163,2622,1175,1890,461,207,332
Magenta,7163,2471,777,707,3892,2471,1093,1763,464,205,331
Magenta,7282,2710,874,790,4329,2710,1230,1969,459,208,333
Magenta,7399,2578,844,767,4155,2578,1188,1912,454,209,337
Magenta,7518,2534,838,759,4101,2534,1179,1892,452,210,338
Magenta,7636,2798,974,870,4618,2798,1370,2169,442,216,342
Magenta,7754,2588,825,746,4108,2588,1161,1860,461,207,332
Magenta,7872,2635,832,753,4160,2635,1171,1877,464,206,330
Magenta,7990,2927,1000,883,4773,2927,1407,2201,448,215,337
Magenta,8110,2759,1023,912,4631,2759,1439,2274,426,222,351
Magenta,8229,2811,1037,924,4723,2811,1459,2304,428,222,350
Magenta,8349,2848,1044,927,4776,2848,1469,2311,430,222,349
Magenta,8467,2696,1003,898,4521,2696,1411,2239,425,222,353
Magenta,8586,2593,962,866,4330,2593,1354,2159,425,222,354
Magenta,8705,2884,1010,897,4758,2884,1421,2236,441,217,342
Magenta,8824,2569,835,757,4116,2569,1175,1887,456,209,335
Magenta,8942,2896,1040,919,4816,2896,1463,2291,435,220,345
Magenta,9061,2590,959,861,4318,2590,1349,2146,426,222,353
Magenta,9180,2528,933,842,4201,2528,1313,2099,426,221,353
Magenta,9298,2667,873,787,4285,2667,1228,1962,455,210,335
Magenta,9417,2084,641,595,3264,2084,902,1483,466,202,332
Magenta,9533,2062,636,590,3237,2062,895,1471,466,202,332
Magenta,9650,2371,745,682,3748,2371,1048,1700,463,205,332
Magenta,9769,2489,783,712,3926,2489,1102,1775,464,205,331
Magenta,9887,2614,836,759,4161,2614,1176,1892,460,207,333
Magenta,10005,2685,890,801,4336,2685,1252,1997,452,211,337
Magenta,10124,2585,862,781,4198,2585,1213,1947,450,211,339
Magenta,10244,2726,918,826,4439,2726,1292,2059,449,213,339
Magenta,10363,2609,869,785,4227,2609,1223,1957,451,211,338
Magenta,10482,2648,881,792,4279,2648,1240,1974,452,212,337
Magenta,10601,2751,913,815,4433,2751,1285,2032,453,212,335
Magenta,10720,2273,700,643,3542,2273,985,1603,468,203,330
Magenta,10839,2321,720,660,3633,2321,1013,1645,466,203,330
Magenta,10958,2636,868,783,4245,2636,1221,1952,454,210,336
Magenta,11077,2646,882,793,4275,2646,1241,1977,451,212,337
Magenta,11196,2793,941,841,4541,2793,1324,2097,449,213,337
Magenta,11316,2847,1036,908,4748,2847,1458,2264,433,222,345
Magenta,11436,2577,956,847,4303,2577,1345,2112,427,223,350
Magenta,11555,2576,955,848,4298,2576,1344,2114,427,223,350
Magenta,11674,1405,425,404,2172,1405,598,1007,467,199,335
Magenta,11792,1655,503,473,2572,1655,708,1179,467,200,333
Magenta,11911,1595,501,469,2516,1595,705,1169,460,203,337
Magenta,12029,2008,634,585,3185,2008,892,1458,461,205,335
Magenta,12148,2473,789,716,3934,2473,1110,1785,461,207,333
Magenta,12266,2420,750,688,3798,2420,1055,1715,466,203,330
Magenta,12386,2348,716,658,3658,2348,1007,1640,470,202,328
Magenta,12505,2628,847,767,4202,2628,1192,1912,458,208,334
Magenta,12624,1853,579,540,2925,1853,815,1346,462,203,335
Magenta,12742,1783,559,523,2820,1783,787,1304,460,203,337
Magenta,12860,2654,855,771,4236,2654,1203,1922,459,208,333
Magenta,12980,2522,784,714,3957,2522,1103,1780,467,204,329
Magenta,13099,2233,689,633,3489,2233,969,1578,467,203,330
Magenta,13218,1885,578,540,2946,1885,813,1346,466,201,333
Magenta,13335,1946,593,554,3039,1946,834,1381,468,200,332
Magenta,13454,2159,664,617,3387,2159,934,1538,466,202,332
Magenta,13572,2106,663,610,3326,2106,933,1521,462,205,334
Magenta,13690,1809,565,527,2844,1809,795,1314,462,203,335
Magenta,13808,2002,621,577,3149,2002,874,1438,464,203,333
Magenta,13926,2178,673,624,3428,2178,947,1556,465,202,332
Magenta,14045,2166,678,623,3418,2166,954,1553,464,204,332
Magenta,14163,2022,633,585,3182,2022,891,1458,463,204,334
Magenta,14281,1980,615,573,3114,1980,865,1428,463,202,334
Magenta,14399,2171,677,678,3425,2171,953,1690,451,198,351
Magenta,14517,2414,767,699,3837,2414,1079,1743,461,206,333
Magenta,14637,2287,725,663,3626,2287,1020,1653,461,206,333
Magenta,14756,2366,752,688,3762,2366,1058,1715,460,206,334
Magenta,14875,2457,785,716,3915,2457,1104,1785,460,207,334
Magenta,14994,2486,796,724,3960,2486,1120,1805,459,207,334
Magenta,15114,2546,812,736,4043,2546,1142,1835,461,207,332
Magenta,15233,2766,904,812,4444,2766,1272,2024,456,210,334
Magenta,15352,2732,891,804,4388,2732,1254,2004,456,209,335
Magenta,15471,2676,872,787,4295,2676,1227,1962,456,209,335
Magenta,15590,2344,743,679,3716,2344,1045,1693,461,206,333
Magenta,15710,2573,834,755,4120,2573,1173,1882,457,208,334
Magenta,15829,2775,925,827,4489,2775,1301,2062,452,212,336
Magenta,15949,2862,970,863,4664,2862,1365,2151,449,214,337
Magenta,16067,2914,1001,890,4778,2914,1408,2219,445,215,339
Magenta,16188,2921,1037,915,4840,2921,1459,2281,439,219,342
Magenta,16308,2815,1039,914,4701,2815,1462,2279,429,223,348
Magenta,16428,2821,955,852,4594,2821,1344,2124,449,214,338
Magenta,16548,2197,697,639,3485,2197,981,1593,460,206,334
Magenta,16665,2608,851,770,4189,2608,1197,1920,456,209,335
Magenta,16785,2879,1039,915,4791,2879,1462,2281,435,221,344
Magenta,16905,2670,987,874,4458,2670,1389,2179,428,223,349
Magenta,17025,2645,979,868,4418,2645,1377,2164,428,223,350
Magenta,17144,2414,780,713,3866,2414,1097,1778,456,207,336
Magenta,17263,2333,747,684,3719,2333,1051,1705,458,207,335
Magenta,17382,2709,903,811,4385,2709,1271,2022,451,212,337
Magenta,17501,2801,1028,907,4684,2801,1446,2261,430,222,347
Magenta,17622,2559,948,849,4264,2559,1334,2117,426,222,352
Magenta,17741,2480,912,823,4105,2480,1283,2052,426,221,353
Magenta,17860,2741,920,824,4449,2741,1294,2054,450,213,337
Magenta,17979,2396,774,707,3834,2396,1089,1763,457,208,336
Magenta,18099,2418,782,713,3871,2418,1100,1778,457,208,336
Magenta,18218,2877,974,865,4684,2877,1370,2156,449,214,337
Magenta,18338,2849,950,846,4606,2849,1337,2109,453,212,335
Magenta,18456,2613,849,767,4185,2613,1195,1912,457,209,334
Magenta,18575,2188,699,644,3482,2188,983,1605,458,206,336
Magenta,18694,2318,754,690,3722,2318,1061,1720,455,208,337
Magenta,18813,2611,866,782,4220,2611,1218,1950,452,211,337
Magenta,18933,2785,930,833,4513,2785,1309,2077,451,212,337
Magenta,19051,2471,801,729,3958,2471,1127,1817,456,208,336
Magenta,19171,2411,778,711,3860,2411,1095,1773,457,207,336
Magenta,19290,2647,875,791,4276,2647,1231,1972,452,210,337
Magenta,19410,2898,1005,893,4765,2898,1414,2226,443,216,340
Magenta,19530,2901,1008,895,4773,2901,1418,2231,443,216,341
Magenta,19649,2874,1042,918,4793,2874,1466,2289,434,221,345
Magenta,19770,2848,1039,916,4760,2848,1462,2284,432,222,346
Magenta,19890,2837,1037,915,4744,2837,1459,2281,431,222,347
Magenta,59,2528,807,739,4022,2528,1135,1842,459,206,335
Magenta,189,2782,921,827,4480,2782,1296,2062,453,211,336
Magenta,306,2903,1018,901,4784,2903,1432,2246,441,218,341
Magenta,425,2888,1034,913,4793,2888,1455,2276,436,220,344
Magenta,543,2590,960,858,4321,2590,1351,2139,426,222,352
Magenta,659,2605,967,863,4349,2605,1361,2151,426,222,352
Magenta,777,2609,968,862,4358,2609,1362,2149,426,223,351
Magenta,894,2473,912,820,4103,2473,1283,2044,426,221,352
Magenta,1012,2548,944,841,4243,2548,1328,2097,427,222,351
Magenta,1129,2876,1043,915,4788,2876,1468,2281,434,222,344
Magenta,1249,2908,1012,896,4773,2908,1424,2234,443,217,340
Magenta,1368,2805,948,850,4555,2805,1334,2119,448,213,339
Magenta,1486,2794,947,850,4546,2794,1332,2119,447,213,339
Magenta,1604,2781,941,845,4520,2781,1324,2107,448,213,339
Magenta,1722,2744,923,831,4449,2744,1299,2072,449,212,339
Magenta,1841,2802,954,856,4566,2802,1342,2134,446,214,340
Magenta,1959,2895,1028,912,4793,2895,1446,2274,438,219,344
Magenta,2079,2592,958,864,4322,2592,1348,2154,425,221,353
Magenta,2196,2700,996,891,4515,2700,1401,2221,427,222,351
Magenta,2314,1773,541,508,2759,1773,761,1266,467,200,333
Magenta,2432,1864,572,535,2908,1864,805,1334,466,201,333
Magenta,2549,2896,992,888,4737,2896,1396,2214,445,215,340
Magenta,2667,2906,1039,924,4824,2906,1462,2304,436,219,345
Magenta,2786,2610,948,859,4322,2610,1334,2141,429,219,352
Magenta,2905,2708,987,887,4503,2708,1389,2211,429,220,351
Magenta,3023,2305,737,676,3669,2305,1037,1685,459,206,335
Magenta,3140,2275,725,665,3613,2275,1020,1658,459,206,335
Magenta,3259,2884,994,888,4730,2884,1399,2214,444,215,341
Magenta,3377,2722,995,892,4533,2722,1400,2224,429,221,350
Magenta,3496,2431,870,798,3971,2431,1224,1989,431,217,352
Magenta,3614,2302,804,749,3701,2302,1131,1867,434,213,352
Magenta,3732,2638,962,867,4377,2638,1354,2161,429,220,351
Magenta,3850,2750,910,822,4441,2750,1280,2049,452,211,337
Magenta,3968,2784,926,834,4497,2784,1303,2079,452,211,337
Magenta,4087,2856,985,882,4651,2856,1386,2199,443,215,341
Magenta,4204,2902,1035,920,4815,2902,1456,2294,436,219,345
Magenta,4324,2652,972,870,4412,2652,1368,2169,429,221,350
Magenta,4442,2710,998,888,4521,2710,1404,2214,428,222,350
Magenta,4561,2479,910,824,4096,2479,1280,2054,426,220,353
Magenta,4678,2528,934,840,4201,2528,1314,2094,426,221,353
Magenta,4797,2894,1044,924,4822,2894,1469,2304,434,220,346
Magenta,4916,2759,920,826,4462,2759,1294,2059,451,212,337
Magenta,5034,2545,822,747,4065,2545,1157,1862,457,208,335
Magenta,5153,2628,857,776,4215,2628,1206,1935,456,209,335
Magenta,5270,2645,866,784,4251,2645,1218,1955,455,209,336
Magenta,5389,2799,939,842,4542,2799,1321,2099,450,212,338
Magenta,5507,2676,879,796,4312,2676,1237,1984,454,210,336
Magenta,5626,2350,751,688,3746,2350,1057,1715,459,206,335
Magenta,5743,2705,899,811,4379,2705,1265,2022,451,211,337
Magenta,5861,2873,990,882,4712,2873,1393,2199,444,215,340
Magenta,5980,2910,1011,898,4786,2910,1422,2239,443,216,341
Magenta,6099,2901,998,885,4745,2901,1404,2206,446,216,339
Magenta,6218,2863,969,863,4656,2863,1363,2151,449,214,337
Magenta,6335,2728,898,809,4392,2728,1263,2017,454,210,336
Magenta,6454,2683,877,794,4317,2683,1234,1979,455,209,336
Magenta,6572,2610,848,770,4192,2610,1193,1920,456,208,335
Magenta,6690,2750,914,821,4443,2750,1286,2047,452,211,337
Magenta,6808,2855,961,859,4636,2855,1352,2141,450,213,337
Magenta,6926,2610,835,758,4157,2610,1175,1890,460,207,333
Magenta,7045,2622,835,758,4163,2622,1175,1890,461,207,332
Magenta,7163,2471,777,707,3892,2471,1093,1763,464,205,331
Magenta,7282,2710,874,790,4329,2710,1230,1969,459,208,333
Magenta,7399,2578,844,767,4155,2578,1188,1912,454,209,337
Magenta,7518,2534,838,759,4101,2534,1179,1892,452,210,338
Magenta,7636,2798,974,870,4618,2798,1370,2169,442,216,342
Magenta,7754,2588,825,746,4108,2588,1161,1860,461,207,332
Magenta,7872,2635,832,753,4160,2635,1171,1877,464,206,330
Magenta,7990,2927,1000,883,4773,2927,1407,2201,448,215,337
Magenta,8110,2759,1023,912,4631,2759,1439,2274,426,222,351
Magenta,8229,2811,1037,924,4723,2811,1459,2304,428,222,350
Magenta,8349,2848,1044,927,4776,2848,1469,2311,430,222,349
Magenta,8467,2696,1003,898,4521,2696,1411,2239,425,222,353
Magenta,8586,2593,962,866,4330,2593,1354,2159,425,222,354
Magenta,8705,2884,1010,897,4758,2884,1421,2236,441,217,342
Magenta,8824,2569,835,757,4116,2569,1175,1887,456,209,335
Magenta,8942,2896,1040,919,4816,2896,1463,2291,435,220,345
Magenta,9061,2590,959,861,4318,2590,1349,2146,426,222,353
Magenta,9180,2528,933,842,4201,2528,1313,2099,426,221,353
Magenta,9298,2667,873,787,4285,2667,1228,1962,455,210,335
Magenta,9417,2084,641,595,3264,2084,902,1483,466,202,332
Magenta,9533,2062,636,590,3237,2062,895,1471,466,202,332
Magenta,9650,2371,745,682,3748,2371,1048,1700,463,205,332
Magenta,9769,2489,783,712,3926,2489,1102,1775,464,205,331
Magenta,9887,2614,836,759,4161,2614,1176,1892,460,207,333
Magenta,10005,2685,890,801,4336,2685,1252,1997,452,211,337
Magenta,10124,2585,862,781,4198,2585,1213,1947,450,211,339
Magenta,10244,2726,918,826,4439,2726,1292,2059,449,213,339
Magenta,10363,2609,869,785,4227,2609,1223,1957,451,211,338
Magenta,10482,2648,881,792,4279,2648,1240,1974,452,212,337
Magenta,10601,2751,913,815,4433,2751,1285,2032,453,212,335
Magenta,10720,2273,700,643,3542,2273,985,1603,468,203,330
Magenta,10839,2321,720,660,3633,2321,1013,1645,466,203,330
Magenta,10958,2636,868,783,4245,2636,1221,1952,454,210,336
Magenta,11077,2646,882,793,4275,2646,1241,1977,451,212,337
Magenta,11196,2793,941,841,4541,2793,1324,2097,449,213,337
Magenta,11316,2847,1036,908,4748,2847,1458,2264,433,222,345
Magenta,11436,2577,956,847,4303,2577,1345,2112,427,223,350
Magenta,11555,2576,955,848,4298,2576,1344,2114,427,223,350
Magenta,11674,1405,425,404,2172,1405,598,1007,467,199,335
Magenta,11792,1655,503,473,2572,1655,708,1179,467,200,333
Magenta,11911,1595,501,469,2516,1595,705,1169,460,203,337
Magenta,12029,2008,634,585,3185,2008,892,1458,461,205,335
Magenta,12148,2473,789,716,3934,2473,1110,1785,461,207,333
Magenta,12266,2420,750,688,3798,2420,1055,1715,466,203,330
Magenta,12386,2348,716,658,3658,2348,1007,1640,470,202,328
Magenta,12505,2628,847,767,4202,2628,1192,1912,458,208,334
Magenta,12624,1853,579,540,2925,1853,815,1346,462,203,335
Magenta,12742,1783,559,523,2820,1783,787,1304,460,203,337
Magenta,12860,2654,855,771,4236,2654,1203,1922,459,208,333
Magenta,12980,2522,784,714,3957,2522,1103,1780,467,204,329
Magenta,13099,2233,689,633,3489,2233,969,1578,467,203,330
Magenta,13218,1885,578,540,2946,1885,813,1346,466,201,333
Magenta,13335,1946,593,554,3039,1946,834,1381,468,200,332
Magenta,13454,2159,664,617,3387,2159,934,1538,466,202,332
Magenta,13572,2106,663,610,3326,2106,933,1521,462,205,334
Magenta,13690,1809,565,527,2844,1809,795,1314,462,203,335
Magenta,13808,2002,621,577,3149,2002,874,1438,464,203,333
Magenta,13926,2178,673,624,3428,2178,947,1556,465,202,332
Magenta,14045,2166,678,623,3418,2166,954,1553,464,204,332
Magenta,14163,2022,633,585,3182,2022,891,1458,463,204,334
Magenta,14281,1980,615,573,3114,1980,865,1428,463,202,334
Magenta,14399,2171,677,678,3425,2171,953,1690,451,198,351
Magenta,14517,2414,767,699,3837,2414,1079,1743,461,206,333
Magenta,14637,2287,725,663,3626,2287,1020,1653,461,206,333
Magenta,14756,2366,752,688,3762,2366,1058,1715,460,206,334
Magenta,14875,2457,785,716,3915,2457,1104,1785,460,207,334
Magenta,14994,2486,796,724,3960,2486,1120,1805,459,207,334
Magenta,15114,2546,812,736,4043,2546,1142,1835,461,207,332
Magenta,15233,2766,904,812,4444,2766,1272,2024,456,210,334
Magenta,15352,2732,891,804,4388,2732,1254,2004,456,209,335
Magenta,15471,2676,872,787,4295,2676,1227,1962,456,209,335
Magenta,15590,2344,743,679,3716,2344,1045,1693,461,206,333
Magenta,15710,2573,834,755,4120,2573,1173,1882,457,208,334
Magenta,15829,2775,925,827,4489,2775,1301,2062,452,212,336
Magenta,15949,2862,970,863,4664,2862,1365,2151,449,214,337
Magenta,16067,2914,1001,890,4778,2914,1408,2219,445,215,339
Magenta,16188,2921,1037,915,4840,2921,1459,2281,439,219,342
Magenta,16308,2815,1039,914,4701,2815,1462,2279,429,223,348
Magenta,16428,2821,955,852,4594,2821,1344,2124,449,214,338
Magenta,16548,2197,697,639,3485,2197,981,1593,460,206,334
Magenta,16665,2608,851,770,4189,2608,1197,1920,456,209,335
Magenta,16785,2879,1039,915,4791,2879,1462,2281,435,221,344
Magenta,16905,2670,987,874,4458,2670,1389,2179,428,223,349
Magenta,17025,2645,979,868,4418,2645,1377,2164,428,223,350
Magenta,17144,2414,780,713,3866,2414,1097,1778,456,207,336
Magenta,17263,2333,747,684,3719,2333,1051,1705,458,207,335
Magenta,17382,2709,903,811,4385,2709,1271,2022,451,212,337
Magenta,17501,2801,1028,907,4684,2801,1446,2261,430,222,347
Magenta,17622,2559,948,849,4264,2559,1334,2117,426,222,352
Magenta,17741,2480,912,823,4105,2480,1283,2052,426,221,353
Magenta,17860,2741,920,824,4449,2741,1294,2054,450,213,337
Magenta,17979,2396,774,707,3834,2396,1089,1763,457,208,336
Magenta,18099,2418,782,713,3871,2418,1100,1778,457,208,336
Magenta,18218,2877,974,865,4684,2877,1370,2156,449,214,337
Magenta,18338,2849,950,846,4606,2849,1337,2109,453,212,335
Magenta,18456,2613,849,767,4185,2613,1195,1912,457,209,334
Magenta,18575,2188,699,644,3482,2188,983,1605,458,206,336
Magenta,18694,2318,754,690,3722,2318,1061,1720,455,208,337
Magenta,18813,2611,866,782,4220,2611,1218,1950,452,211,337
Magenta,18933,2785,930,833,4513,2785,1309,2077,451,212,337
Magenta,19051,2471,801,729,3958,2471,1127,1817,456,208,336
Magenta,19171,2411,778,711,3860,2411,1095,1773,457,207,336
Magenta,19290,2647,875,791,4276,2647,1231,1972,452,210,337
Magenta,19410,2898,1005,893,4765,2898,1414,2226,443,216,340
Magenta,19530,2901,1008,895,4773,2901,1418,2231,443,216,341
Magenta,19649,2874,1042,918,4793,2874,1466,2289,434,221,345
Magenta,19770,2848,1039,916,4760,2848,1462,2284,432,222,346
Magenta,19890,2837,1037,915,4744,2837,1459,2281,431,222,347
